Original Text,Completion,Model
a holiday display,window.,BERT
a holiday display,.,DistilGPT-2
a holiday display,". “I can see why the owners of mall wouldn’t want to be there,” he said. “There’s a lot people coming in and out mall.” Cantwell, who owns",GPT-Neo
a holiday display,"was stolen from a church in michigan. this is picture of it. it's the front with my little brother and his dad there. priest's name leonard kramon, westminster cal",OPT
a holiday display,at the fabled san clemente inn.,Flan-T5
several asian people are admiring a tall display,case.,BERT
several asian people are admiring a tall display,"of the world’s largest and most powerful aircraft, B-29 B-29A.’s aircraft are being hailed as aircraft. The B",DistilGPT-2
several asian people are admiring a tall display,"of the latest in Asian furniture. They are fascinated by tall, sleek, black furniture and artistry that is displayed within. The furniture, which being new exhibit, from late 19th century",GPT-Neo
several asian people are admiring a tall display,"of masculinity I'd be impressed by that, but more the fact that man is wearing a shirt clearly not meant for him.",OPT
several asian people are admiring a tall display,erecting a tall display.,Flan-T5
people standing next to a parade,float.,BERT
people standing next to a parade,",” he said. “I“m sure I“m going to get through the first half of year.”",DistilGPT-2
people standing next to a parade,"float in the parade. A woman with her husband, who was standing next to her, also injured. The woman, taken hospital a head injury, is expected recover. man",GPT-Neo
people standing next to a parade,"float. It's a thing. I got to go parade by myself and had no idea. was so excited! But it's really weird, the floats are in front of building drive they're waving at you",OPT
people standing next to a parade,people watching a parade,Flan-T5
people are walking near a sidewalk,now.,BERT
people are walking near a sidewalk,"and walking on a sidewalk. They're in circle, they're circle.",DistilGPT-2
people are walking near a sidewalk,"on the west side of East Lake Street Bridge, at intersection and North Avenue, in City Seattle, Washington, during afternoon Wednesday, April 18, 2013. This image provided by Seattle",GPT-Neo
people are walking near a sidewalk,"with their dogs and the are all barking at cars pedestrians, they aren't even looking dogs. I was just reading about this last night. I'm not surprised though, because people assholes.",OPT
people are walking near a sidewalk,People are standing near the sidewalk.,Flan-T5
a female swimmer wearing a swim cap,appears.,BERT
a female swimmer wearing a swim cap,", which she wears in her swimsuit, and a pair of jeans, swimsuit.",DistilGPT-2
a female swimmer wearing a swim cap,and a red blue striped swimsuit. Her hair is pulled back into ponytail. She has brown face with long nose small mouth. wearing green swim cap stripe down the middle.,GPT-Neo
a female swimmer wearing a swim cap,Lol.,OPT
a female swimmer wearing a swim cap,,Flan-T5
a woman in a red swimsuit,dress.,BERT
a woman in a red swimsuit,", who was wearing a skirt and hoodie, attacked beaten by man in the back of her car.",DistilGPT-2
a woman in a red swimsuit,", is one of the most famous and popular figures in modern history. She known to be first woman fly a plane, win gold medal Olympics elected into French Academy Sciences.",GPT-Neo
a woman in a red swimsuit,"and a man in black swimsuit. He is holding hands with her. A short white very tall man. dog on the ground, long blonde hair woman behind them. blond",OPT
a woman in a red swimsuit,lays on a beach.,Flan-T5
a female swimmer is submerged horizontally in a swimming,pool.,BERT
a female swimmer is submerged horizontally in a swimming,pool.,DistilGPT-2
a female swimmer is submerged horizontally in a swimming,pool. The female swimmer is submerged horizontally in a swimming **Fig. 9.1** A male,GPT-Neo
a female swimmer is submerged horizontally in a swimming,"pool and the current of is not enough to break surface tension for her swim or get out pool. (a) swimmer in a swimming pool, but water too",OPT
a female swimmer is submerged horizontally in a swimming,swimming pool.,Flan-T5
a woman is looking at the ceiling,again.,BERT
a woman is looking at the ceiling,.” “,DistilGPT-2
a woman is looking at the ceiling,", and she is thinking, ""Why are they making me do this?"" The woman has been asked to a very simple task. But being difficult It not task, but",GPT-Neo
a woman is looking at the ceiling,"and she says ""I can't believe how big your penis is!"" Haha this one's good!",OPT
a woman is looking at the ceiling,and then she gets a glass of water drinks.,Flan-T5
a female swimmer in a blue cap,dress.,BERT
a female swimmer in a blue cap,", which is a ""bikini"" bikini.",DistilGPT-2
a female swimmer in a blue cap,"and a white dress with sash. She was very thin, her complexion ashen, eyes were of dull, pale blue. had small, dark mole on cheek, hair",GPT-Neo
a female swimmer in a blue cap,and a white swimmer in red cap. the female blue cap is leader of group. The first,OPT
a female swimmer in a blue cap,swimming in the ocean,Flan-T5
a woman looking upward with her hand,outstretched.,BERT
a woman looking upward with her hand,.,DistilGPT-2
a woman looking upward with her hand,"raised in prayer. ' _Amen!_'the congregation cried. 'This is the story of woman who was born desert,' priest said. 'She not a virgin, and she married to man",GPT-Neo
a woman looking upward with her hand,"on her belly is always a warning sign. i think that just how the face is. don't know what people expect when they see this, you. it's only thing makes it not creepy",OPT
a woman looking upward with her hand,a girl holding twig with her paws.,Flan-T5
a baby sleeping on pale blue bamboolike mats,nearby.,BERT
a baby sleeping on pale blue bamboolike mats,", but you can't get a good night's sleep.",DistilGPT-2
a baby sleeping on pale blue bamboolike mats,". It was a very sad sight. I did not want to disturb it. on the verge of leaving, but had stay. see how it going. walked through gardens.",GPT-Neo
a baby sleeping on pale blue bamboolike mats,Baby sleeping on pale blue bamboolike mats The photo above is of my newborn baby a mat (the kind with pink fringe). the exact color her,OPT
a baby sleeping on pale blue bamboolike mats,a baby sleeping on mat,Flan-T5
three men in white are painting the railing,s.,BERT
three men in white are painting the railing,of a building in the West Bank.,DistilGPT-2
three men in white are painting the railing,"of the main stairway, one on left is man with large moustache. The other two are both men in suits. long-sleeved coat.",GPT-Neo
three men in white are painting the railing,"of that building. they must be really good at it. if were it, would painting the entire",OPT
three men in white are painting the railing,"Then one man walks in front of them, and begins to paint the railing.",Flan-T5
a woman walks near a beach,house.,BERT
a woman walks near a beach,in the southern Philippines. (Reuters) - A Philippine woman walks near a beach (,DistilGPT-2
a woman walks near a beach,in a hot spring resort town the Philippines. A woman and man embrace,GPT-Neo
a woman walks near a beach,". a man walks by and says to himself ""I want get laid"". A few minutes later woman herself laid"" I'm not entirely sure what you're trying say here. You could",OPT
a woman walks near a beach,,Flan-T5
a man with a plastic,mustache.,BERT
a man with a plastic,"bag, a backpack and backpack.",DistilGPT-2
a man with a plastic,"bag, which was the size of a small suitcase. The bag filled with substance that looked like red paint and smelled paint. ""What is that?"" I asked. ""That's what want you to find out."" ""It",GPT-Neo
a man with a plastic,"toy gun who has a very nice job and no criminal record. Haha. In all seriousness, if you can find the time, I think probably have nothing to worry about. know lot of cops do not",OPT
a man with a plastic,A man with a plastic,Flan-T5
a few people on a canoe,nearby.,BERT
a few people on a canoe,and it's not just a canoe. It's boat. It,DistilGPT-2
a few people on a canoe,"trip in the woods, and I could see way they all talked looked at me. They were like a family. me was only one on island, but who had nerve to say what",GPT-Neo
a few people on a canoe,"and a few people on kayak/canoe. This. We had group of about 10 or so in canoe, but we small boat for the first bit then got larger it was pretty nice.",OPT
a few people on a canoe,A small group of people are on the canoe.,Flan-T5
a redhaired woman is dancing with a man,nearby.,BERT
a redhaired woman is dancing with a man,", who is dressed in a white suit and black suit.",DistilGPT-2
a redhaired woman is dancing with a man,on a stage in nightclub. The man is wearing white suit. woman black dress. red hat. top,GPT-Neo
a redhaired woman is dancing with a man,in a striped shirt and red skirt. This image is of woman man redhaired dancing with picture,OPT
a redhaired woman is dancing with a man,.,Flan-T5
two women next to a stage,table.,BERT
two women next to a stage,in the world.,DistilGPT-2
two women next to a stage,"door. The sound of a car horn made me jump. I turned to see young man driving his down the street. ""I'll get it,"" said. ""Thanks,"" he be right",GPT-Neo
two women next to a stage,", holding hands, with one of them smiling. If you were at a wedding and I walked up just smiled me would be so nervous. What if she was my ex? smile big like, ""oh, hello",OPT
two women next to a stage,are dancing and singing.,Flan-T5
a yougn boy,asked.,BERT
a yougn boy,", but you're a monster. The monsters that are being dealt with by the monster ones",DistilGPT-2
a yougn boy,"' and 'wish you a merry Christmas'. There is also second line of the song in which boy asks 'for Christmas' which, context lyrics, can be interpreted as wish for good Christmas his",GPT-Neo
a yougn boy,named Jaden Smith. I'm not sure if you're joking but that's actually a pretty cool name,OPT
a yougn boy,a young boy,Flan-T5
a bride with a tattoo,arm.,BERT
a bride with a tattoo,on her neck.,DistilGPT-2
a bride with a tattoo,on her cheek and a white veil. She looked like doll. was doll with tattoo,GPT-Neo
a bride with a tattoo,"Menu Post navigation The Bride – I know, it’s been a long time. But have really busy and just too to do anything else. (And I’m one",OPT
a bride with a tattoo,,Flan-T5
two girls sit beside a river,bank.,BERT
two girls sit beside a river,.,DistilGPT-2
two girls sit beside a river,on the outskirts of city. The river is covered in white stones. girls are talking about how they will never forget this moment when saw say that stones,GPT-Neo
two girls sit beside a river,", drinking beer. one girl says, ""so what are you up to tonight?"" the other ""we're just going sit over there and watch river!"" This is best.",OPT
two girls sit beside a river,two girls are sitting by the river,Flan-T5
two men in two canoes,drowned.,BERT
two men in two canoes,.,DistilGPT-2
two men in two canoes,", with the two men in canoes being canoes. I have been so many times on ocean and that know sun is east moon west,",GPT-Neo
two men in two canoes,"on a lake in the middle of nowhere, and i had to go grocery store get some ingredients. I love this so much.",OPT
two men in two canoes,two men in a canoe,Flan-T5
three young girls walk down a sidewalk,together.,BERT
three young girls walk down a sidewalk,"in the city's west end, and they are greeted by police firefighters.",DistilGPT-2
three young girls walk down a sidewalk,"in the village of Gomel, where they meet a teacher who teaches them ancient Jewish prayer for dead. The girls learn to recite by heart, but says that she is not allowed tell which should say.",GPT-Neo
three young girls walk down a sidewalk,and the one with baby stops to hold her hand on stomach without a lean other's shoulder other look down at herself. 3 4 5 6,OPT
three young girls walk down a sidewalk,Two people are in front of them.,Flan-T5
a young girl wearing a white jumper,approached.,BERT
a young girl wearing a white jumper,and a black hoodie.,DistilGPT-2
a young girl wearing a white jumper,"and a black skirt with large white band on it. The young girl is wearing blue top, belt skirt. has her legs wrapped around the man's legs, he his",GPT-Neo
a young girl wearing a white jumper,"with the words ""welcome to world, a place for those who do not belong"" Are you gonna tell us what it said? I think was black bird.",OPT
a young girl wearing a white jumper,is running down a street with large blond woman holding white jumper.,Flan-T5
kids walking on the street,talking.,BERT
kids walking on the street,", and it‭s a very good thing.‭ The other thing I would like to add is that I‭m not fan of the “N‭s,‭ or “N‭s.‭",DistilGPT-2
kids walking on the street,".” “It’s not a bad thing,” said the doctor, “that you can’t do what you’re used to, but to",GPT-Neo
kids walking on the street,"in the summer. I'm not sure if it's dangerous or just first generation to be a rush. No, I think pretty dangerous. The heat is high enough get you. And you've got",OPT
kids walking on the street,a city,Flan-T5
a woman is using a shovel,nearby.,BERT
a woman is using a shovel,to remove a dead animal from her home.,DistilGPT-2
a woman is using a shovel,"to dig a hole. ""That's bit of digger,"" said the woman. ""Yes, it is,"" woman who had shovel. ""What's digger?"" ""It's shovel,""",GPT-Neo
a woman is using a shovel,"to clear snow on a sidewalk. there might be little bit of the sidewalk, but not much. she is very aware her surroundings, too embarrassed go store buy some shovels. wants clean",OPT
a woman is using a shovel,", putting a large sandbag on top of the sand.",Flan-T5
two men  one barechested while the other wears a hat,two men one barechested while the other wears a hat on.,BERT
two men  one barechested while the other wears a hat,and hat.,DistilGPT-2
two men  one barechested while the other wears a hat,". The man in the hat wears a black coat, which he over white shirt. shirt coat. References Category:German male dancers",GPT-Neo
two men  one barechested while the other wears a hat,So it's like a reverse-harem?,OPT
two men  one barechested while the other wears a hat,are shown sex in a room,Flan-T5
two guys are rowing a canoe,together.,BERT
two guys are rowing a canoe,and I think we are going to have do something keep them on the course.,DistilGPT-2
two guys are rowing a canoe,", and one guy is sitting in the stern. I'm facing wind, looking at sky. horizon. horizon",GPT-Neo
two guys are rowing a canoe,and they are both pushing it A lot of people have been telling me that would like to see this. Please do it!,OPT
two guys are rowing a canoe,They are putting their hands in the air to make a rhythm.,Flan-T5
a man in shades,everywhere.,BERT
a man in shades,of grey.,DistilGPT-2
a man in shades,"of black, with a silver chain around his neck. He was dressed in long white coat, and wore wide-brimmed hat that covered face. had long, thin nose, mouth painted red. man who been",GPT-Neo
a man in shades,", a gun, and few boxes of ammo? He's going to get himself killed before he can even fire the first shot. You really think someone would rob car with gun then use that commit suicide?",OPT
a man in shades,is talking to a woman in white shirt.,Flan-T5
a man standing while filming,scenes.,BERT
a man standing while filming,the scene of shooting.,DistilGPT-2
a man standing while filming,"a documentary on the subject of 'Goblin' Goblin. He was first new BBC series 'The Goblin' which broadcast in 2005. The critical success, and repeated One, Channel 4, Four",GPT-Neo
a man standing while filming,"a video of man being hit by car while filming the in action. i think that's pretty clear. I hope he's ok. Also, that guy was not helping guy. He car.",OPT
a man standing while filming,is using a skateboard to create stunt.,Flan-T5
the couple pauses atop a rocky overlook,table.,BERT
the couple pauses atop a rocky overlook,overlooking the southern tip of Great Lakes. The lake is a perfect place to go for walk or hike.,DistilGPT-2
the couple pauses atop a rocky overlook,". ""I am not a man of action,"" he tells the woman, reflection. see life as dream, dream an ideal, ideal",GPT-Neo
the couple pauses atop a rocky overlook,in the middle of nowhere - a place they love to come back get away from world The couple poses front wall rocks and stream for portrait,OPT
the couple pauses atop a rocky overlook,Then a man jumps from the side of path and picks up his luggage.,Flan-T5
people are rowing a boat,together.,BERT
people are rowing a boat,to the shore and I think they’re going be in trouble.” “I’m not say that I’m I’,DistilGPT-2
people are rowing a boat,"in the middle of night, moon, and they are not allowed to use headlights. ~~~ jandrese I'm sure if this is a problem UK, but situation",GPT-Neo
people are rowing a boat,"the size of an aircraft carrier? This is a lot bigger than carrier. I think it's about same as Not quite. A Nimitz class carrier around 500 meters long and displaces 50,",OPT
people are rowing a boat,The boat is moving in slow motion.,Flan-T5
one male lifting an item,up.,BERT
one male lifting an item,from the ground.,DistilGPT-2
one male lifting an item,"from the floor. He had a small knife in his hand, which he was using to cut through metal bars that held cage place. The large enough hold person, and man not looking directly at cage. """,GPT-Neo
one male lifting an item,. i feel like that's the most common thing in world. And a woman doing same.,OPT
one male lifting an item,a woman,Flan-T5
a man is shaking hands,together.,BERT
a man is shaking hands,with a group of children.,DistilGPT-2
a man is shaking hands,with a woman. A woman is shaking hands man.,GPT-Neo
a man is shaking hands,"with a pretty much naked woman, and she gets offended says ""the man is rapist"". doesn't know that the rapist her husband.",OPT
a man is shaking hands,A woman is holding a knucklehead.,Flan-T5
a man shakes hands,together.,BERT
a man shakes hands,"with his girlfriend in the street, and woman who allegedly raped him, is arrested.",DistilGPT-2
a man shakes hands,"with a woman, man and woman shake hands, so on. The number of times the is to be touched limited four. four-person handshake called ""four-person handshake."" good way",GPT-Neo
a man shakes hands,"with a girl, who shakes his hand back. incels want to be all women, why would they only fuck the one woman fuck? It's form of dominance.",OPT
a man shakes hands,with a woman,Flan-T5
a guy shakes hands,together.,BERT
a guy shakes hands,"with a woman who is trying to get away from her, then takes off. He seen wearing black shirt and sweater, white tie.",DistilGPT-2
a guy shakes hands,"with a guy and they go home the guy's not going to get any of his money back. ""You know, you can't be too careful. I mean, careful, right?"" don't understand,"" say",GPT-Neo
a guy shakes hands,"with me and i don't shake his hand back. I'm not a fucking dick. sure you're dick, but I do think dick for doing that. saying know what",OPT
a guy shakes hands,A man is shaking the hands of two women.,Flan-T5
a skateboarder is being photographed jumping off a step,ladder.,BERT
a skateboarder is being photographed jumping off a step,-by-step skateboarder's skateboard.,DistilGPT-2
a skateboarder is being photographed jumping off a step,"-less ramp in San Francisco. (Photo: Facebook/Benjamin Dang) The jump, which the Instagram user tagged #BenjyDang, is located on a Embarcadero.",GPT-Neo
a skateboarder is being photographed jumping off a step,on a train. I can't fucking believe this happened. Do you even skate? You got some mad street cred for that one! And not knowing what is.,OPT
a skateboarder is being photographed jumping off a step,a man is seen standing on bench.,Flan-T5
several people  one being a woman,several people one being a woman appeared.,BERT
several people  one being a woman,"in a very small town, and woman",DistilGPT-2
several people  one being a woman,", who had been killed. The news was received with the deepest sorrow in town, and reassured by representations of authorities. following letter from Chief Magistrate place, dated 10th",GPT-Neo
several people  one being a woman,A woman? man? gay I'd like to know all of these answers because also that you're not a homophobe. I'm not. actually bisexual. All,OPT
several people  one being a woman,a man on motorcycle.,Flan-T5
a man chains his bike,around.,BERT
a man chains his bike,on the ground.,DistilGPT-2
a man chains his bike,"to a tree and then leaves it in the middle of street. When he gets back, finds bike has been stolen. He tries return its rightful owner, but owner is not at home. The owner's dog",GPT-Neo
a man chains his bike,"to a tree and rides it work, man chains his bike",OPT
a man chains his bike,a black lace.,Flan-T5
the woman wearing a red bow,tie.,BERT
the woman wearing a red bow,". The woman who was the only one to leave scene, scene",DistilGPT-2
the woman wearing a red bow,"ler hat, a long black coat, and red dress with lace collar cuffs, white veil, hat scarf, handkerchief, stick in her right hand.",GPT-Neo
the woman wearing a red bow,"in the foreground is my new favorite. She's super sweet! I wish she would have taken picture, but I'm pretty sure was just taking a break from work.",OPT
the woman wearing a red bow,holds the red bow above her head.,Flan-T5
surfers and families,magazine.,BERT
surfers and families,of the victims attack.”,DistilGPT-2
surfers and families,", including his mother, father, stepmother, and two sisters, were in the home. A man who lives home told police he saw father take a gun out of pocket put it face boy. He then",GPT-Neo
surfers and families,"Waves of the Pacific Ocean The is a vast, wide, deep, and fascinating ocean. are some world's most powerful natural forces. What wave",OPT
surfers and families,surfers,Flan-T5
a man in football,shoes.,BERT
a man in football,.”,DistilGPT-2
a man in football,", but he was a bit of slacker. ""He had lot potential. He always going to be good player. just didn't quite play the way could have, and I think that's where we all change.""",GPT-Neo
a man in football,shorts and a shirt? Not even short.,OPT
a man in football,is a man in football,Flan-T5
a young man in a purple american football,uniform.,BERT
a young man in a purple american football,uniform with his name on it.,DistilGPT-2
a young man in a purple american football,"jersey. ""We're going to have work harder than ever get the best player in world,"" said former coach. The team has signed a deal make change official on June 1. ""It's",GPT-Neo
a young man in a purple american football,jersey is running through the middle of road. a white van pulls up immediately after and he runs over young man. man in purple american football walks away goes back to his wife daughters.,OPT
a young man in a purple american football,mending his broken hand.,Flan-T5
surfers and bathers,vol.,BERT
surfers and bathers,.,DistilGPT-2
surfers and bathers,". In one sense, this is a good thing. But I am not so sure. The problem that the public being told about environmental costs of fishing. We are ecological And if",GPT-Neo
surfers and bathers,"A great spot for all our surfers and bathers, the beach is a place to cool off after long day at beach. The very popular as it has",OPT
surfers and bathers,surfers,Flan-T5
young guys,play.,BERT
young guys,.”,DistilGPT-2
young guys,. So I’m really excited to see what they’ll do with the new trailer. This is first trailer we’ve seen of game. The gameplay similar game set in,GPT-Neo
young guys,don't always understand how hard it is to get laid I'm not trying laid. a boyfriend that I can have relationship with.,OPT
young guys,scum,Flan-T5
three people hiking up a dirt,road.,BERT
three people hiking up a dirt,"road, then the road is not going to be safe.",DistilGPT-2
three people hiking up a dirt,"road in a small village near the capital of countryside, man and his wife. The is farmer, wife housewife. husband wearing shorts T-shirt. They are sitting on pile",GPT-Neo
three people hiking up a dirt,road and three girls in a van who want to show me the that they took. Nice,OPT
three people hiking up a dirt,trail with a group of people,Flan-T5
one teenager gives a performance,performance.,BERT
one teenager gives a performance,at the University of North Carolina Chapel Hill.,DistilGPT-2
one teenager gives a performance,that will stay with me forever. The song is about a teenager who has recently left home and now living her family. She lonely not been able to find friend hang out with. the difficulties had in,GPT-Neo
one teenager gives a performance,"in front of the whole school A teenage girl, who was found a hotel room with her boyfriend Philippines. SINGAPORE --",OPT
one teenager gives a performance,he tries to get the man who is in love with kiss him.,Flan-T5
a man striking a pose,nearby.,BERT
a man striking a pose,in front of a woman South Carolina town.,DistilGPT-2
a man striking a pose,"in front of a billboard woman’s face. “I was teenager and I thought pretty cool,” said the 28-year-old, who asked that her last name not be used for fear reprisals.",GPT-Neo
a man striking a pose,"as he looks down upon a young girl. That's great one, I'll try to get this one when I the chance!",OPT
a man striking a pose,a man in the office wearing white shirt,Flan-T5
two boys in all black standing next to both a bike,racks.,BERT
two boys in all black standing next to both a bike,and a bike.,DistilGPT-2
two boys in all black standing next to both a bike,"and a scooter. They were all bare-chested bare-footed. The kids in their twenties the oldest boy was teenager. middle had baseball bat his hand, youngest",GPT-Neo
two boys in all black standing next to both a bike,and a car. the bike has red light on its back. but car is going straight no lights. driver of rider are both black.,OPT
two boys in all black standing next to both a bike,a bike and skateboard,Flan-T5
five black dogs running across the grass,below.,BERT
five black dogs running across the grass,.,DistilGPT-2
five black dogs running across the grass,", one of them wearing a red jacket. ""Is that gun?"" ""Maybe."" ""What is it doing there?"" ""I don't know."" ""It's jacket, isn't it?""",GPT-Neo
five black dogs running across the grass,at the same time was a real mind fuck I know right? It wasn't just one dog.,OPT
five black dogs running across the grass,dogs running,Flan-T5
a small crowd gathered at a local seaman,club.,BERT
a small crowd gathered at a local seaman,"’s office, and a group of about 20 men gathered outside the building.",DistilGPT-2
a small crowd gathered at a local seaman,"'s tavern to watch the action, and they were all in a jovial mood. ""What's going on?"" seaman asked. ""That's fine ship,"" sailor with white beard replied. ""It's",GPT-Neo
a small crowd gathered at a local seaman,"'s club to watch a live performance of the Rolling Stones' Live in Japan 1968. The show was put on by club's president, Jim Davis, an ex-soldier who'd been stationed for 15 years. Davis told us,",OPT
a small crowd gathered at a local seaman,memorial service for the victims of sinking stricken vessel,Flan-T5
a bunch of africans,too.,BERT
a bunch of africans,who are not part of the community. I am going to say that,DistilGPT-2
a bunch of africans,"and how they are so damn good at the whole thing.” While movie is a bit of mess, film still good, solid that gives viewer chance to get know characters more. I’",GPT-Neo
a bunch of africans,"""I have no idea, but I'll just go with them because I'm a lazy piece of shit"" You forgot the part where they start throwing around racial slurs to make themselves feel better.",OPT
a bunch of africans,a bunch of Africans,Flan-T5
injured solders covered in bandages,removed.,BERT
injured solders covered in bandages,", a bandage, and bandage.",DistilGPT-2
injured solders covered in bandages,". The soldiers were carrying out a routine patrol when they came under fire. able to escape, but then ambushed by the enemy. According report from IDF Spokesperson’s Unit,",GPT-Neo
injured solders covered in bandages,". I can't tell if this is a joke, or you're serious. I'm going to assume it's joke because imagine the amount of bandages needed cover whole regiment. Or just coincidence where",OPT
injured solders covered in bandages,injures,Flan-T5
a man kicks up dust on as he rides a fourwheeler,over.,BERT
a man kicks up dust on as he rides a fourwheeler,on the street.,DistilGPT-2
a man kicks up dust on as he rides a fourwheeler,"with a donkey. The donkey is symbol of the sun, and rider moon. This good picture rider.",GPT-Neo
a man kicks up dust on as he rides a fourwheeler,"through the dirt as he looks at sky. Hey man, that's not nice",OPT
a man kicks up dust on as he rides a fourwheeler,A man kicks up a dust on as he rides four wheeler,Flan-T5
the low sun is casting a shadow,overhead.,BERT
the low sun is casting a shadow,of the sun. The sun is cast by,DistilGPT-2
the low sun is casting a shadow,"on the valley, and sky is sadly black. But there a light in for sun rising. And now it morning. The birds are singing trees, distant",GPT-Neo
the low sun is casting a shadow,. the sun is casting a shadow.,OPT
the low sun is casting a shadow,looming over the valley.,Flan-T5
older asian man looks on while sitting in his shop,window.,BERT
older asian man looks on while sitting in his shop,. He is looking for a way to get the money.,DistilGPT-2
older asian man looks on while sitting in his shop,"in the street Soweto, Johannesburg. (Photo by David Mdwozana/Getty Images) Johannesburg - A man wearing a mask is pictured standing outside shop Sow",GPT-Neo
older asian man looks on while sitting in his shop,"window with the only customers there being his elderly customer and cat. I don't get it, what's it supposed to say? ""The cat has an agenda.""",OPT
older asian man looks on while sitting in his shop,a woman looking at the camera,Flan-T5
a man who appears to be a construction,worker.,BERT
a man who appears to be a construction,worker.,DistilGPT-2
a man who appears to be a construction,"worker. Police said he was wearing a white shirt, black pants, sneakers, baseball cap and leather jacket. He last seen running south on the 300 block of South First Street, police said. Anyone",GPT-Neo
a man who appears to be a construction,"worker in the video is being treated for a gunshot wound chest, police said. The victim was taken to hospital critical condition, shot on 4000 block of South King Street, said",OPT
a man who appears to be a construction,A man who appears to be a construction worker woman,Flan-T5
darkhaired construction worker,boots.,BERT
darkhaired construction worker,who is a former U.S. Army medic and Marine Corps medic.,DistilGPT-2
darkhaired construction worker,", and the next day he came to see me. He told me that had been in a serious accident on job, be taken hospital. I was very upset, but did not tell him raped.",GPT-Neo
darkhaired construction worker,here. i find it extremely creepy when a guy that is in his late 20s or early 30s wears hat like this. would much rather see wear baseball cap something. the makes me think he,OPT
darkhaired construction worker,a sailor,Flan-T5
a white greyhound wearing a yellow,shirt.,BERT
a white greyhound wearing a yellow,"collar, a black hoodie and red scarf.",DistilGPT-2
a white greyhound wearing a yellow,"jacket, a yellow ribbon in his mouth. “I think they’re just trying to get rise out of people,” he said. don’t want see it happen again.” He",GPT-Neo
a white greyhound wearing a yellow,"checkered shirt This is the third time I've seen that shirt, and it's only one makes me laugh.",OPT
a white greyhound wearing a yellow,polka dot shirt.,Flan-T5
sales man,sgt.,BERT
sales man,.,DistilGPT-2
sales man,"ia The idea of selling something on Craigslist, eBay or other online marketplace has become very popular. There are many reasons why people choose to sell things online. It is a popular way make money first and most important reason that the internet",GPT-Neo
sales man,is the best I want to be a sales man.,OPT
sales man,euforia,Flan-T5
an elderly man selling magazines,nearby.,BERT
an elderly man selling magazines,", magazines and other products to the public.",DistilGPT-2
an elderly man selling magazines,", with a white umbrella, bag of potato chips and bottle water. ""You can buy lot things in the street. They are selling them for money. I was walking to my home them."" ""What",GPT-Neo
an elderly man selling magazines,"at a gas station. I think he was friend of my father's. He lived in small town South Carolina with large retirement community. never married or had children, and one daughter. have who very much",OPT
an elderly man selling magazines,.,Flan-T5
a man with a large feather,cap.,BERT
a man with a large feather,"in his face. “I don't know what the hell this is about, but I think it's a problem.”",DistilGPT-2
a man with a large feather,"fan, and a large hat with white fringe feather. He was man of about forty years age, very heavy frame, had the appearance poor worn-out man. ""I am",GPT-Neo
a man with a large feather,in his hair I'm pretty sure that is a lady. theres man the middle? >I'm,OPT
a man with a large feather,is standing at a pond.,Flan-T5
a magazine stand,by.,BERT
a magazine stand,"on the ground, and only thing that can be done is to look up world see what happens.›",DistilGPT-2
a magazine stand,"up comedian. But it’s a new and different kind of standup. You know, there’s lot people who are doing it, they’re it with kinds material. So something",GPT-Neo
a magazine stand,"I have been looking for a way to display my Magazines, sometime now. finally got one today, and it is awesome! It an awesome piece of furniture am so happy with it. made from beautiful wooden frame,",OPT
a magazine stand,,Flan-T5
an elderly man sells magazines,there.,BERT
an elderly man sells magazines,to people who are not registered vote in the UK.,DistilGPT-2
an elderly man sells magazines,"in a shop poor district of Nairobi, Kenya. A shopkeeper man Kenya",GPT-Neo
an elderly man sells magazines,for a living He also does lot of art pieces fun And sells his at the flea market,OPT
an elderly man sells magazines,a man sells magazines while woman explains his story.,Flan-T5
an old man wearing a blue jean,jacket.,BERT
an old man wearing a blue jean,jacket and a black hoodie.,DistilGPT-2
an old man wearing a blue jean,"jacket and a straw hat. His face was white his hair as well. The man smiled nodded head. ""The guy who shot my father."" ""Yes, he did."" ""My father is police",GPT-Neo
an old man wearing a blue jean,"jacket I believe the correct term is ""retarded man"". >retarded man What about a *retarded* man? No, retarded would be who retarded. You mean No",OPT
an old man wearing a blue jean,is standing in the middle of snow and holding a can soda.,Flan-T5
an older man sells magazines,here.,BERT
an older man sells magazines,", magazines, and other magazines. The man sells magazines",DistilGPT-2
an older man sells magazines,", the boy who is in corner reads them, and girl with cat cat, other watching cat. The reading",GPT-Neo
an older man sells magazines,"on the corner of street. I'm guessing you're talking about one Broadway and W. 7th? I live there don't think I've seen that guy around in awhile. yeah, it's 7",OPT
an older man sells magazines,A man in a suit is looking at magazines.,Flan-T5
man in black with a feathered hat,above.,BERT
man in black with a feathered hat,", a white hat, and hat.",DistilGPT-2
man in black with a feathered hat,", and a red yellow silk dress. The whole party were seated round the table. ""We are going to have very grand dinner this evening,"" said Mr. Hemmings. ""It is pity",GPT-Neo
man in black with a feathered hat,"? he looks like just got out of the shower and is trying to get dressed. his hair all wrong. It's a mohawk not really. front bit weird,",OPT
man in black with a feathered hat,is in a boat,Flan-T5
a happy young couple having a glass,together.,BERT
a happy young couple having a glass,of wine at their house.” “,DistilGPT-2
a happy young couple having a glass,"of wine together, and the wife was very excited about baby's arrival. The husband, however, extremely anxious, because he sure that his would be disappointed in him. ""What's wrong, husband?"" asked.",GPT-Neo
a happy young couple having a glass,of wine. I like this one.,OPT
a happy young couple having a glass,a young couple with glass of wine,Flan-T5
a woman with a tote,bag.,BERT
a woman with a tote,.,DistilGPT-2
a woman with a tote,"bag and a bottle of water, guy in white lab coat with clipboard clipboard. She had bunch paper He And then she",GPT-Neo
a woman with a tote,bag holding a tote bag.,OPT
a woman with a tote,is walking down a street.,Flan-T5
a couple attending an indoor,gym.,BERT
a couple attending an indoor,music festival in the town of Krakow.,DistilGPT-2
a couple attending an indoor,"skating rink in the early 1970s. They’ve been together for nearly 40 years, and they’ve married 12. She was a nurse he doctor. “I didn’t really think about it,”",GPT-Neo
a couple attending an indoor,wedding Menu The Wedding Dress I’ve been a little bit busy this week. Last night was the of friend and his wife. held at very fancy hotel there were lots people there. We,OPT
a couple attending an indoor,wedding ceremony,Flan-T5
a skier coming over a snowy,mountain.,BERT
a skier coming over a snowy,slope.,DistilGPT-2
a skier coming over a snowy,"hillside. ""Hello!"" I said. ""I'm the one who wants to see you."" ""Are you was in snow?"" she asked. ""Yes, am. I'm is going",GPT-Neo
a skier coming over a snowy,"hill and hitting a tree, the snow with his body breaking neck. What he fucking meant to say was, ""A skier coming over snowy neck.""",OPT
a skier coming over a snowy,teepee,Flan-T5
three surfers walking on the beach,below.,BERT
three surfers walking on the beach,in the city of Toronto.,DistilGPT-2
three surfers walking on the beach,"at Punta Arenas, Argentina. They have been missing since October 2012. (Photo by the author) In an era of declining ocean temperatures, is heating up. As oceans warm, they release more carbon dioxide, and CO",GPT-Neo
three surfers walking on the beach,". One is holding a board, the other two are surfboards. The second one points his board at first and says: ""What hell that?"" replies: ""That's just shark.""",OPT
three surfers walking on the beach,,Flan-T5
three surfers walking down a beach,together.,BERT
three surfers walking down a beach,in the south-west of Melbourne.,DistilGPT-2
three surfers walking down a beach,"with their surfboards and life vests, the beach was littered hundreds of dead seals whales. The marine a reminder dangers ocean. ""The ocean is dangerous place,"" he said.",GPT-Neo
three surfers walking down a beach,"with a surfboard and camera In this day age, it’s hard to not find within reach of smartphone. These days, you can even just go online video surfer his or",OPT
three surfers walking down a beach,a group of surfers are walking down beach,Flan-T5
three surfers are walking on the beach,nearby.,BERT
three surfers are walking on the beach,in the middle of day.,DistilGPT-2
three surfers are walking on the beach,". ""I don't know, I can't see anything,"" says one of them. the other.",GPT-Neo
three surfers are walking on the beach,"of the isle wight, when a big wave comes in and knocks one them over. man, who is most experienced surfer, says ""I got this!"" starts to get up, his friend grabs him pulls",OPT
three surfers are walking on the beach,Three surfers are walking on a small beach.,Flan-T5
three shortboarders are walking down the beach,together.,BERT
three shortboarders are walking down the beach,in the park. The park is a small with pool and playground.,DistilGPT-2
three shortboarders are walking down the beach,"towards the water. ""Do you know what they are?"" he asks. ""No, but I think are shortboarders,"" she says. ""They not,"" says, ""they shortboarders",GPT-Neo
three shortboarders are walking down the beach,". one of them says ""hey man, i'm gonna get some rocks and throw in the ocean. could you hold my board so i can them?"" other two say ""you can't do that!"" third",OPT
three shortboarders are walking down the beach,They are riding down waves on their board.,Flan-T5
young riders,association.,BERT
young riders,and the team’s future.”,DistilGPT-2
young riders,"will have to use their own wheels. The first riders be selected in early February. new system introduced the half of 2016. “We are very excited launch T-Shirt system,” said Pauline",GPT-Neo
young riders,would prefer to ride at a speed that they find comfortable. It's called experience. and learn faster better if they're Just because you're comfortable doesn't mean it's for everyone else.,OPT
young riders,from all over the world.,Flan-T5
a girl is playing with toys inside,it.,BERT
a girl is playing with toys inside,"her home, and the house is not functioning.",DistilGPT-2
a girl is playing with toys inside,"the house. The following year, she was awarded an MBE for her services to community. She died in 2010. References Category:1921 births Category:2010 deaths Category:People from New Brighton Category",GPT-Neo
a girl is playing with toys inside,"her home, but she is not wearing a gown. She bra, panties or pantyhose. pantyhose, bra. any This girl",OPT
a girl is playing with toys inside,a home,Flan-T5
an older gentleman in a plaid shirt,asked.,BERT
an older gentleman in a plaid shirt,", with a black hoodie, and red tie.",DistilGPT-2
an older gentleman in a plaid shirt,", who has the air of a stranger. “I am looking for my wife,” says “Ah!” other, at him from under his bushy eyebrows, �",GPT-Neo
an older gentleman in a plaid shirt,and a black sweater Did you ask him if he wanted to go bowling?,OPT
an older gentleman in a plaid shirt,is walking down the street with a cigarette in his hand.,Flan-T5
a pole vaulter leaving the pit,lane.,BERT
a pole vaulter leaving the pit,.,DistilGPT-2
a pole vaulter leaving the pit,". In the first round of 2008–09 season, a new contract was signed with club. On 23 December 2011, he References External links Category:1989 births",GPT-Neo
a pole vaulter leaving the pit,It's a pole vaulting pit. The pun was so good i almost forgot it,OPT
a pole vaulter leaving the pit,slams a metal plate into the ground.,Flan-T5
four people looking at some cattle,feed.,BERT
four people looking at some cattle,"-free food, or the people who would want to eat that and",DistilGPT-2
four people looking at some cattle,", One was a young girl, And another boy. They were looking at cow, they The cow and the boy both young,",GPT-Neo
four people looking at some cattle,". one of the people is dead. other three are looking at dead guy. guy who laughing. The having time his life. Look him, he's so happy!",OPT
four people looking at some cattle,,Flan-T5
kids having fun,here.,BERT
kids having fun,", but it’s not fun to be a part of it.”",DistilGPT-2
kids having fun,"in the park, it is very important to keep children a safe and healthy environment. The park beautiful well maintained. There are many different types of trees, flowers, bushes grass which makes",GPT-Neo
kids having fun,>kids having fun >having,OPT
kids having fun,mcfly costumes,Flan-T5
a darkhaired young in a red and white uniform is holding a vaulting pole,up.,BERT
a darkhaired young in a red and white uniform is holding a vaulting pole,", and the door is open. The",DistilGPT-2
a darkhaired young in a red and white uniform is holding a vaulting pole,"with a long wooden handle. ""What is this?"" I ask. ""It the vaulting pole that you are to use in order get top of mountain,"" he says.",GPT-Neo
a darkhaired young in a red and white uniform is holding a vaulting pole,in front of a stone wall. she's wearing short black skirt and yellow top with small white bow. her hair is down parted to the side. *A young man sees you,OPT
a darkhaired young in a red and white uniform is holding a vaulting pole,.,Flan-T5
a man in a tyrolean,accent.,BERT
a man in a tyrolean,", a man in yon,",DistilGPT-2
a man in a tyrolean,"black tunic, with a brown belt and sword, the other man in red tunic white belt, yellow both were of similar height, had strong, broad nose,",GPT-Neo
a man in a tyrolean,hat and a cape with bow I think you mean man hat.,OPT
a man in a tyrolean,has his head cut off and face covered with gore.,Flan-T5
a pole vaulter is carrying his equipment,home.,BERT
a pole vaulter is carrying his equipment,. The pole is carrying his equipment.,DistilGPT-2
a pole vaulter is carrying his equipment,"on his back, and the flag is in right hand, but left extended as if he was holding a whip. The flying, pole vaulter beating air with",GPT-Neo
a pole vaulter is carrying his equipment,"in his ass, and then, he goes to lift a weight that does not have any form of grip on. doesn't know how perform proper pole vault.",OPT
a pole vaulter is carrying his equipment,A pole vaulter is carrying his equipment.,Flan-T5
the brown and white great dane,breed.,BERT
the brown and white great dane,with the same name and color. I would love to hear about your suggestions.,DistilGPT-2
the brown and white great dane,"( _Bubalus_ _vulgaris_ ) is not known for its strength. The brown dane the most powerful of all great danes, and called by old Indians _Pseudoplatystes",GPT-Neo
the brown and white great dane,". Yeah, I looked at them and they are indeed gorgeous. What kind of problems do cause? depends on the breed believe, mine was very protective me, would always try to protect me from things like other dogs that wouldn",OPT
the brown and white great dane,The brown and white great dane,Flan-T5
a badminton player,himself.,BERT
a badminton player,.”,DistilGPT-2
a badminton player,Category:Olympic badminton players of Great Britain Category:Badminton at the 2012 Summer Olympics Category:Commonwealth Games medallists in silver for England Category:Badm,GPT-Neo
a badminton player,"from my high school has a pretty good head for his size, but he's bit taller than the average man. My friend is 6'4-5"" and he most naturally long arms I've ever seen.",OPT
a badminton player,a professional badminton player,Flan-T5
large dog plays,guitar.,BERT
large dog plays,a big part in the game.,DistilGPT-2
large dog plays,"with a toy while sitting on chair. The is made of hard plastic and the dog sits plays for long time. After while, jumps up again. very",GPT-Neo
large dog plays,"with a small baby. I mean, big dog is way bigger than the That's because he's pitbull. They're not as their owners make them out to be. know. was making joke.",OPT
large dog plays,juggles ball and tugs on a chair,Flan-T5
a big dog holds its paw,out.,BERT
a big dog holds its paw,", and then its paws are folded up down it is taken off the leash.",DistilGPT-2
a big dog holds its paw,over a bowl. It is the dog of dead. The bowl dead,GPT-Neo
a big dog holds its paw,"close to the dog's neck, then dog goes neck and grabs by pulls head down.",OPT
a big dog holds its paw,a dog holds its paw,Flan-T5
a bald baby,head.,BERT
a bald baby,", but you can also have a baby who is not in the womb, so that",DistilGPT-2
a bald baby,". She'd be more than a little suspicious, but it was the best idea she could come up with. ""What if he's friend of yours?"" ""No,"" said, and shook her head. ""Not friend. He's very nice",GPT-Neo
a bald baby,? LOL I know know. didn't what to call him so it had be something. thought he might a mix but he's actually chihuahua.,OPT
a bald baby,,Flan-T5
a large dog wards,him.,BERT
a large dog wards,.,DistilGPT-2
a large dog wards,"off the evil eye with its tongue, large dog is symbol of prosperity and underworld. The also associated devil, animal devil. wealth poverty",GPT-Neo
a large dog wards,"off the zombies The dog is a woman i can't tell if this from movie or some other tv show. but it is, it's great movie.",OPT
a large dog wards,a large dog,Flan-T5
women holding a baby,girl.,BERT
women holding a baby,.,DistilGPT-2
women holding a baby,"girl and a man holding baby boy, both wearing blue gold, hands. On wall in the lobby of hotel is large mural city Los Angeles, with city's famous ""stars stripes"" flying above",GPT-Neo
women holding a baby,". I'm sorry, but you can't be serious. This is so incredibly common in the US and has been for decades. The only reason this news because it's recent. yes i am how do know exactly what",OPT
women holding a baby,a woman holding baby,Flan-T5
a baby in a green shirt,crying.,BERT
a baby in a green shirt,", a green shirt,",DistilGPT-2
a baby in a green shirt,"and red cap. His mother was a short, plump woman with soft voice. ""How is your father?"" she asked. ""He's fine."" ""You know my son?"" ""I met him few times.""",GPT-Neo
a baby in a green shirt,and hat I bet that's the one guy gonna be a cool dad.,OPT
a baby in a green shirt,smiling at the camera.,Flan-T5
a woman is singing in to a microphone,nearby.,BERT
a woman is singing in to a microphone,at the end of day.,DistilGPT-2
a woman is singing in to a microphone,", she is singing to the camera. It same camera that filming song. I’m not talking about a used for film, music.",GPT-Neo
a woman is singing in to a microphone,"and the music starts playing song is ""I'm just gonna kick your ass"" I was thinking, ""Oh shit, she's shit out of him.""",OPT
a woman is singing in to a microphone,a woman is singing in to the microphone,Flan-T5
some children are playing football,too.,BERT
some children are playing football,at the same time.”,DistilGPT-2
some children are playing football,"in the street, and others are playing cricket. I am a little afraid of man with gun, for he is very nervous angry. He soldier, soldier",GPT-Neo
some children are playing football,and you're taking pictures? i was pictures of the field,OPT
some children are playing football,football is a game and,Flan-T5
a young redhaired girl wants to see what comes after the clowns,die.,BERT
a young redhaired girl wants to see what comes after the clowns,are caught up in a fight.,DistilGPT-2
a young redhaired girl wants to see what comes after the clowns,". The second film is a comedy about group of friends who meet clown, but don’t know that they’ve met him before. third horror very funny,",GPT-Neo
a young redhaired girl wants to see what comes after the clowns,. what is the name of movie? I think it's movie called Jumanji. That's it! Thanks for your help!,OPT
a young redhaired girl wants to see what comes after the clowns,.,Flan-T5
two men  one playing a purple guitar,two men one playing a purple guitar playing.,BERT
two men  one playing a purple guitar,.,DistilGPT-2
two men  one playing a purple guitar,", and another with a guitar pipe. The other two played drums. men playing the one",GPT-Neo
two men  one playing a purple guitar,one using a black guitar two women playing pink children yellow men,OPT
two men  one playing a purple guitar,Two men are playing a blue guitar.,Flan-T5
tourists pose for camera,angles.,BERT
tourists pose for camera,.,DistilGPT-2
tourists pose for camera,"at the main entrance to Grand Canyon. The tourist office has a list of other sites for which there are plans visit. **Grand Canyon Village** (800-444-7275; www.thegrandcanyonvillage.com),",GPT-Neo
tourists pose for camera,at the top of steps catacombs. A giant white cat is seen in background a photo taken by tourist French city Rennes. The believed to be same one,OPT
tourists pose for camera,Tourists pose for a photo in tunnel the mountains,Flan-T5
water splashes down as the awning,rises.,BERT
water splashes down as the awning,is set to be finished.,DistilGPT-2
water splashes down as the awning,"shatters, the wind howls. He is aware of sound, dust, crackling fire, distant laughter and voices his companions. air he breathes, taste",GPT-Neo
water splashes down as the awning,is lifted The awning down.,OPT
water splashes down as the awning,rises and water splashes down as it leaves,Flan-T5
some hospital employees,resigned.,BERT
some hospital employees,who were not available for comment.,DistilGPT-2
some hospital employees,. The hospital will work with the Department of Health to help identify and resolve any concerns provide community information on situation. following is a list items that have been requested: provided by,GPT-Neo
some hospital employees,"have a right to not their jobs be put in jeopardy. If he's going provide safe work environment, he should terminated. violate other laws,",OPT
some hospital employees,are required to go the medical office and emergency room.,Flan-T5
a doctor and nurses,arrived.,BERT
a doctor and nurses,.›,DistilGPT-2
a doctor and nurses,are in the hospital with patients. We best medical and nursing team world. working to make sure you well taken care of we hope see back here soon.,GPT-Neo
a doctor and nurses,"in a hospital who are really the same person. They were both great people but they had different personalities and interests relationships that developed between them great. I an experience like that. was nurse for few years, dating",OPT
a doctor and nurses,eat a salad,Flan-T5
a woman holds a yellow stick,up.,BERT
a woman holds a yellow stick,and holds it in her hand.,DistilGPT-2
a woman holds a yellow stick,", which is a symbol of life. In the past, stick was used for religious ceremonies and often connected with sun moon. Today, it as sign peace, good health, prosperity. A",GPT-Neo
a woman holds a yellow stick,with a red stripe A woman holds yellow stick stripe. man white,OPT
a woman holds a yellow stick,A man holds a yellow stick.,Flan-T5
an individual pushing rain off the tops,ide.,BERT
an individual pushing rain off the tops,of the sky.,DistilGPT-2
an individual pushing rain off the tops,"of his shoes. It was so loud and beautiful familiar. The light the city bright, sun warm, ocean blue. I walked into park looked up at sky. clear,",GPT-Neo
an individual pushing rain off the tops,"of trees, as if to say ""get off my lawn!"" This is what I was thinking, it's a bit like dog with stick.",OPT
an individual pushing rain off the tops,The person is being filmed over a pond.,Flan-T5
a woman in a long white bridal,gown.,BERT
a woman in a long white bridal,"gown, with a large white bowtie.",DistilGPT-2
a woman in a long white bridal,"dress with an ivory satin ribbon, the most beautiful of white lace and gold bridal dresses, another a silver brocade large veil, bridegroom's dress. These two",GPT-Neo
a woman in a long white bridal,gown in a cemetery would be my first guess That's what I was thinking too. remember seeing something similar to that at funeral went few years ago.,OPT
a woman in a long white bridal,dress and a white gown with bow tie.,Flan-T5
two dogs are fighting and playing with each other while running through some grass,fields.,BERT
two dogs are fighting and playing with each other while running through some grass,.,DistilGPT-2
two dogs are fighting and playing with each other while running through some grass,",” he said. The dog bit the dog.",GPT-Neo
two dogs are fighting and playing with each other while running through some grass,", and one of them runs into the other dog, dog jumps on top other, rolls over it, lays down",OPT
two dogs are fighting and playing with each other while running through some grass,The dog is a black with collar and green eyes.,Flan-T5
two brown dogs with blue collars,breed.,BERT
two brown dogs with blue collars,", white collars, and black collars.",DistilGPT-2
two brown dogs with blue collars,". The first was a female, but the second male. They were not same dog. male dog about three years old, female year old. had black-and",GPT-Neo
two brown dogs with blue collars,"? No, it's a grey lab. Edit: I'm wrong. It's lab with white collar. The collar indicates that not purebred. I knew it was",OPT
two brown dogs with blue collars,a dog running,Flan-T5
four young adults in a busy city,street.,BERT
four young adults in a busy city,",” said the mayor of city.",DistilGPT-2
four young adults in a busy city,", in a city with an abundance of youthful vitality, and population that is not only young, but more than because it full vitality. A the same sort population,",GPT-Neo
four young adults in a busy city,of a dozen towns Menu Monthly Archives: May 2015 I’ve been home all weekend after long week traveling. I’m so glad to be back and have some time catch up on things,OPT
four young adults in a busy city,"The new film, directed by the director of bestselling series same name, tells story four young adults and their adventures in a bustling city.",Flan-T5
there are two brown dogs playing in field,games.,BERT
there are two brown dogs playing in field,.”,DistilGPT-2
there are two brown dogs playing in field,", one on a branch of tree, and rock; them is little girl with basket, another very big dog, who playing her, stiff. She says he",GPT-Neo
there are two brown dogs playing in field,"next to me, what do you recommend i do? Run And then watch them eat each other",OPT
there are two brown dogs playing in field,,Flan-T5
four younger guys walking down the sidewalk,together.,BERT
four younger guys walking down the sidewalk,", or walking down the street, street.”",DistilGPT-2
four younger guys walking down the sidewalk,", looking at their cell phones, faces like they were waiting for something. And then started talking about something that happened today in the parking lot mall. other two guys saying saw some guy who was getting on a skateboard and",GPT-Neo
four younger guys walking down the sidewalk,"in my city, one of them stops and says ""why are you all looking at me like that?"" They're staring because they think you're going to say something sexual them. i'm pretty sure they're trying see if i",OPT
four younger guys walking down the sidewalk,are wearing red,Flan-T5
four young men walking along a sidewalk,together.,BERT
four young men walking along a sidewalk,.,DistilGPT-2
four young men walking along a sidewalk,"in the middle of a city block. ""You don't know who they are,"" says woman is walking by. ""I think they're new guys block,"" young man. ""They're",GPT-Neo
four young men walking along a sidewalk,in a city centre. They look like they're about to be caught storm.,OPT
four young men walking along a sidewalk,"Two men are walking toward a group of people, one them man with tan apron.",Flan-T5
four teenagers dressed in black and white shirts,entered.,BERT
four teenagers dressed in black and white shirts,.,DistilGPT-2
four teenagers dressed in black and white shirts,"and shorts, wearing black ties, stood in front of a giant statue man military uniform. The teenagers had been told to take off their shirts join the parade, then they were asked stand with",GPT-Neo
four teenagers dressed in black and white shirts,"and black white jeans walked into a bar, one of the teenagers said, Hey man, I'm an international student. here on work visa. I don't drink, but I'd love to join you guys next time",OPT
four teenagers dressed in black and white shirts,"arrested in the town of Clydeford, England, have been released on bail. The teenagers were suspicion assaulting a teacher.",Flan-T5
several youths in black and white shirts,appeared.,BERT
several youths in black and white shirts,and carrying a gun.,DistilGPT-2
several youths in black and white shirts,". The two young men had arrived in the area at same time, and been a fight. One of them was killed, other wounded. were brought to police station,",GPT-Neo
several youths in black and white shirts,", no hats or anything else identifying them as being from a protest. I don't think single one of had gun, and the police did not identify themselves police. it looked like they were just",OPT
several youths in black and white shirts,"arrive, putting on a polo shirt and black baseball cap.",Flan-T5
woman climbing an artificial rock,wall.,BERT
woman climbing an artificial rock,to get the top of mountain.,DistilGPT-2
woman climbing an artificial rock,"wall in the center of a vast desert. The rock is not artificial. constructed from bones dead, feat engineering that so rare desert it only performed specialized labs. It testament to power",GPT-Neo
woman climbing an artificial rock,"is a woman climbing an artificial rock. How it artificial? I'm not woman, sure what the rock made from. either, but I can explain. Women are more likely to be natural climbers than men",OPT
woman climbing an artificial rock,man balancing on artificial rock,Flan-T5
the girl is in a harness,now.,BERT
the girl is in a harness,", and she's in a harness,",DistilGPT-2
the girl is in a harness,"and she's got a man's face, he's big the other one's little bit more normal, they're all standing together talking about how they like to watch people have",GPT-Neo
the girl is in a harness,", the dog is not. You can see leash on her back. i leash, but it's not being used. I standing its back legs. The dog's",OPT
the girl is in a harness,A horse is pulling her.,Flan-T5
two people on a rock,together.,BERT
two people on a rock,and roll tour of the country.,DistilGPT-2
two people on a rock,.” This is not a story about man who rock climber and woman pony rider.,GPT-Neo
two people on a rock,"together, in the middle of a forest. Sounds like dream. :D",OPT
two people on a rock,,Flan-T5
a busy operating room,area.,BERT
a busy operating room,.,DistilGPT-2
a busy operating room,". “I was pretty shocked to see that,” he said. “It’s a scary experience have an invasive procedure and the patient’s blood vessels being cut open then that’s",GPT-Neo
a busy operating room,", with me standing in front of the curtain. I was next to a doctor, who also room when born. can't remember her name, but how much liked her.",OPT
a busy operating room,he carries his wife's bags.,Flan-T5
the girl is climbing a rock,wall.,BERT
the girl is climbing a rock,", but she is just trying to keep her body in the air and it not a good idea try air,",DistilGPT-2
the girl is climbing a rock,. She is about to get off the rock when she falls into water. The girl rescued by a fisherman. A fish caught and fisherman able catch fish. placed in basket. basket,GPT-Neo
the girl is climbing a rock,", she's got a camera. I’m not sure if you’re joking or not, but I would guess that she is not. obviously climbing rock with little girl. don",OPT
the girl is climbing a rock,in a hill,Flan-T5
crowd standing outside a metro area,station.,BERT
crowd standing outside a metro area,"in the middle of a busy intersection, man walks with gun. (Photo: AP)",DistilGPT-2
crowd standing outside a metro area,"in the capital. Mr. Trump was scheduled to speak at a rally Virginia on Monday night, but canceled as president faced series of controversies and questions about his mental health. The is reportedly under treatment for",GPT-Neo
crowd standing outside a metro area,"? I think I'd just ignore them. Maybe you should tell her don't want to deal with it, and if she doesn't accept then have stop seeing her. Yeah, I'll",OPT
crowd standing outside a metro area,,Flan-T5
young boy in orange,uniform.,BERT
young boy in orange,jumpsuit.,DistilGPT-2
young boy in orange,"who was trying to reach the top of wall. He had climb all way top, and he doing it so fast that I couldn't see what doing. busy watching him didn't even think telling stop. Then",GPT-Neo
young boy in orange,shirt is in the middle of picture The one with white hat? guy glasses?,OPT
young boy in orange,white shirt,Flan-T5
boy in a black shirt,dressed.,BERT
boy in a black shirt,.,DistilGPT-2
boy in a black shirt,"and a black tie, dark suit. He had briefcase. looked like movie star. introduced himself as Mike, said he'd been in the business for thirty years. showed me his card.",GPT-Neo
boy in a black shirt,with a black hat and sneakers wearing white shirt,OPT
boy in a black shirt,A boy in a black shirt is talking to his girlfriend.,Flan-T5
a graffiti artist paints,graffiti.,BERT
a graffiti artist paints,a picture of man who has been convicted raping woman in hotel room the city Srinagar.,DistilGPT-2
a graffiti artist paints,"the words ""Wanted"" in front of a sign for shape heart. The is also painted with and ""Wanted."" artist's work covered graffiti. following an",GPT-Neo
a graffiti artist paints,a portrait of U.S. President Donald Trump with the words 'I Love You Mr. President' - in shape heart A graffiti artist has painted,OPT
a graffiti artist paints,paintings,Flan-T5
a young man is texting while standing in front,me.,BERT
a young man is texting while standing in front,of a restaurant in the city.,DistilGPT-2
a young man is texting while standing in front,of a woman. The woman is not interested. young man texting on his phone. while standing in front interested,GPT-Neo
a young man is texting while standing in front,of a mirror. the mirror is full black-and-white photographs himself. he stands up and looks directly into what do you see? A black white photograph yourself taken by camera? well that,OPT
a young man is texting while standing in front,of a large wall with picture man holding camera.,Flan-T5
a man is hailing a cab,outside.,BERT
a man is hailing a cab,"aret with a big bang, and he is getting ready for the ride.",DistilGPT-2
a man is hailing a cab,"to take him his office. “Can you spare five minutes?” asks the driver. “I’m not sure I have that right,” replies cabby. “Well,” says",GPT-Neo
a man is hailing a cab,? what the fuck are these people thinking? a bunch,OPT
a man is hailing a cab,", the driver is a car",Flan-T5
a dog catches a disk,drive.,BERT
a dog catches a disk,of the disk.,DistilGPT-2
a dog catches a disk,I'm new to programming and learning code for the first time. trying a disk catching game. game using loop object. I've been reading about them I understand concept,GPT-Neo
a dog catches a disk,and knocks a bird off high branch. the flies into dog bites it. That's not very funny at all!,OPT
a dog catches a disk,A dog in a tiger suit is chasing disk.,Flan-T5
people are playing soccer,here.,BERT
people are playing soccer,.”,DistilGPT-2
people are playing soccer,"in the middle of a desert, and only thing that keeps them alive is heat. The way to survive heat play soccer.",GPT-Neo
people are playing soccer,Haha I knew should have looked at the subreddit first.,OPT
people are playing soccer,soccer,Flan-T5
there are several young men kicking a ball,around.,BERT
there are several young men kicking a ball,"at the ground, and next time they're in middle of field, field.”",DistilGPT-2
there are several young men kicking a ball,"around. They are not doing it for the sake of ball, but they drumsticks using. The really being used their intrinsic worth. as",GPT-Neo
there are several young men kicking a ball,"around with a woman in it. does anyone know who they are? It's group of young people park, you can see the background one them. thats not same as what im asking.",OPT
there are several young men kicking a ball,a group of girls are playing soccer and man goes to field get kick in.,Flan-T5
two people are sitting on a rock,together.,BERT
two people are sitting on a rock,in the middle of a field.,DistilGPT-2
two people are sitting on a rock,". One person is a man, and one woman. The man has knife. woman knife, too. holding the knife in his left hand, it her right hand. says",GPT-Neo
two people are sitting on a rock,"and one of them gets a black eye. the other person asks whats wrong first says ""he ate rock"" ""fuck you"" What's problem with that?",OPT
two people are sitting on a rock,Two people are playing a game.,Flan-T5
a man with a pen and paper,pen.,BERT
a man with a pen and paper,and a gun pistol,DistilGPT-2
a man with a pen and paper,"and a pencil,” the trial court determined that evidence was not sufficient to support finding of premeditation. Accordingly, denied jury’s request for charge on issue premed",GPT-Neo
a man with a pen and paper,"would have been able to do this. I don't see what your point is? The whole is that it was a joke. its joke takes itself too seriously. making point,",OPT
a man with a pen and paper,A man with a pen and paper is creating design.,Flan-T5
a little girl is holding a colorful end,table.,BERT
a little girl is holding a colorful end,of the world.,DistilGPT-2
a little girl is holding a colorful end,"-of-the-world-year-themed party. You know, for those of us who are old enough to remember the end world. We’re just not ready that, so we’ll have",GPT-Neo
a little girl is holding a colorful end,"oscope. the girl notices a man standing in doorway of room. says ""please, don't touch me."" replies ""but i want to, my god god!"" then asks ""so what now",OPT
a little girl is holding a colorful end,of a broom,Flan-T5
a little girl holding a big sign that says  end,a little girl holding big sign that says end game.,BERT
a little girl holding a big sign that says  end,"of the world. “I don't know if this is a joke, but I think it's joke,” said girl. guess girl little girl,”",DistilGPT-2
a little girl holding a big sign that says  end,the war in afghanistan,GPT-Neo
a little girl holding a big sign that says  end,"rape culture ""end culture"" ""I am not wearing a shirt that says 'END RAPE CULTURE' because I believe in of rape."" I'd like to see",OPT
a little girl holding a big sign that says  end,the little girl is looking close to camera and she stares at it.,Flan-T5
there is a bunch of tourists,here.,BERT
there is a bunch of tourists,"who are not interested in the idea of a more traditional, modern,",DistilGPT-2
there is a bunch of tourists,"and they want to see the sights, so you have explore some of them. This is area where I spent first month my trip. had already been in for about a year half knew",GPT-Neo
there is a bunch of tourists,near the entrance to park. you could make friends with them and they might let pass That's what I do. sit in shade my dog.,OPT
there is a bunch of tourists,there are a bunch of tourists,Flan-T5
a boy in rash,el.,BERT
a boy in rash,", and I was in a coma. the hospital,",DistilGPT-2
a boy in rash,"clothes, and she could see the boy’s arm was still in socket of bullet hole.",GPT-Neo
a boy in rash,ford's position would be great. i'm also okay with a new number 10 too. not sure i can handle much more of defensive midfielder. We need 10? have world class 10. that's why said,OPT
a boy in rash,a boy is in the rash,Flan-T5
five black dogs run in a field,house.,BERT
five black dogs run in a field,.,DistilGPT-2
five black dogs run in a field,", and the white dog is one of most intelligent well-behaved dogs I've ever known. - I think only that known would run away from me, it was in",GPT-Neo
five black dogs run in a field,. That's what I think of when the movie consider myself.,OPT
five black dogs run in a field,,Flan-T5
a blond in flipflops and shorts,followed.,BERT
a blond in flipflops and shorts,". I‪m a little confused, but pretty sure-to-be-a-fierce-giant-a-fierce-giant-a-fierce-giant-a-fierce-g",DistilGPT-2
a blond in flipflops and shorts,". Her eyes were closed, and she was making a sound like snore. The first thing I noticed that missing her bra. I'd never seen without one before, had no idea what to do.",GPT-Neo
a blond in flipflops and shorts,"is not a very classy person... You're mean one, Mr. Scrooge McDuck.",OPT
a blond in flipflops and shorts,is going to tell me how do it.,Flan-T5
the black dogs are running in a grassy field,nearby.,BERT
the black dogs are running in a grassy field,.,DistilGPT-2
the black dogs are running in a grassy field,. The dogs are barking and growling. man is shouting pounding the ground with his fist.,GPT-Neo
the black dogs are running in a grassy field,. they are not running in the woods. a field. why we having this discussion? It's discussion about dog and it's woods but you're talking It,OPT
the black dogs are running in a grassy field,A man is riding a bicycle.,Flan-T5
a pack of black dogs,followed.,BERT
a pack of black dogs,.,DistilGPT-2
a pack of black dogs,". She could hear their growls, and the sound of teeth scraping wood as they tore at each other's throats. Then a sharp cry through night. The dogs stopped. They turned stared girl.",GPT-Neo
a pack of black dogs,"The most common of all the pack breeds, dogs are popular animals in world. dog breed is often called “house dog”, as it used for companionship and a guard dog. A well trained",OPT
a pack of black dogs,was about to attack them.,Flan-T5
many black dogs run in a grassy area,nearby.,BERT
many black dogs run in a grassy area,"of the city, but are not considered to be most dangerous dogs in country.",DistilGPT-2
many black dogs run in a grassy area,"just outside the gate, but it was not open to public. The owner of petting zoo, who wished remain anonymous, said that dogs are ""very friendly and playful, they love have a little playtime with",GPT-Neo
many black dogs run in a grassy area,", and will run in the general direction of their food. this is dog's way finding if you don't get up to dog, it just keep looking for a new food source I dont",OPT
many black dogs run in a grassy area,a man talks to the dogs,Flan-T5
a man is walking on the roof,now.,BERT
a man is walking on the roof,"of a store in the town Hainan, where he is reported to have been shot and killed by police morning.",DistilGPT-2
a man is walking on the roof,. He is wearing a hat. shirt. pair of pants. shoes. socks. belt.,GPT-Neo
a man is walking on the roof,"of a building. The roof is over river. He says, ""I would like to go down the river and drink some water."" full fish. am fish.""",OPT
a man is walking on the roof,with a white towel on the ground.,Flan-T5
a man with a light colored shirt,approached.,BERT
a man with a light colored shirt,". I just thought, 'That's cool. can't wait to see what I'm wearing.' not sure if going have wear a shirt in the future.",DistilGPT-2
a man with a light colored shirt,"and a baseball cap, who looked like he had just stepped out of 1940s Hollywood movie. ""What are you doing here?"" asked, as walked up to the passenger side car. ""I came talk",GPT-Neo
a man with a light colored shirt,", a tie, and smile? I'm not sure this is your typical american male. I've seen plenty of men with ties smiles.",OPT
a man with a light colored shirt,holds a black ball between his hands.,Flan-T5
a man unlocks a blue garage,door.,BERT
a man unlocks a blue garage,door in the basement of a South Dakota apartment building.,DistilGPT-2
a man unlocks a blue garage,"door, and we are standing in the middle of garage. We about to go inside. I tell you this so that understand what am saying. telling know is coming.",GPT-Neo
a man unlocks a blue garage,door with his car key. he gets out of and runs up to the unlocks it. back inside slams door. The key fob opens man goes starts engine.,OPT
a man unlocks a blue garage,", then the man is seen working on a piece of wood.",Flan-T5
a man bending to pick something,up.,BERT
a man bending to pick something,"up,” he says. “He's going to pick something up.”",DistilGPT-2
a man bending to pick something,"up from the ground. It was a bottle. He holding it out to me. I tempted take it, but didn't. didn't want see look on his face. ""Thanks,"" said. looked",GPT-Neo
a man bending to pick something,up at the grocery store. I've found that bending to pick something is just a great way avoid entire thing. It's ultimate test of my manhood.,OPT
a man bending to pick something,a man is looking up at tv,Flan-T5
a man appears to be closing a gate,nearby.,BERT
a man appears to be closing a gate,to the police.,DistilGPT-2
a man appears to be closing a gate,", and the other one appears to be",GPT-Neo
a man appears to be closing a gate,to his house a man appears be closing gate,OPT
a man appears to be closing a gate,a man is holding tan dipped hat,Flan-T5
a man raising or lowering a blue,flag.,BERT
a man raising or lowering a blue,berry.,DistilGPT-2
a man raising or lowering a blue,flag. I was raised in the blue flag and I'll be again. The will raised.,GPT-Neo
a man raising or lowering a blue,whale Main menu Post navigation A Whale of a Tale by R.J. It’s been while since I’ve posted,OPT
a man raising or lowering a blue,blue rooster on a stage with man in suit.,Flan-T5
the children in blue,show.,BERT
the children in blue,) and the children in blue),DistilGPT-2
the children in blue,", the old woman with white hair and little boy yellow hair, who sat under tree called them ""brothers."" The man went over to children. ""Do you see that",GPT-Neo
the children in blue,"are in no way, shape or form the victims of this tragedy. They were on bus, they sitting front row. but bus was not there when tragedy happened. ground...",OPT
the children in blue,The children in blue,Flan-T5
several adults are tending their children,outside.,BERT
several adults are tending their children,"to a certain extent, and the children are not necessarily part of family. The following is sample who have been treated with care children.",DistilGPT-2
several adults are tending their children,". I am not sure what they are doing. The other day, was helping my wife wash our daughter’s car. She is a very good mother, but the washing lot of work. just sitting there, minding",GPT-Neo
several adults are tending their children,"while driving. Nah, I can't see anyone in that car with a toddler. was thinking the same thing. have two teenagers and would never let them out of my sight. children,",OPT
several adults are tending their children,seated at a table.,Flan-T5
two men standing outside wearing jackets,approached.,BERT
two men standing outside wearing jackets,", shirts and shoes.",DistilGPT-2
two men standing outside wearing jackets,and carrying guns. The two men pulled out their guns pointed them at the women. ran to car opened trunk. One of jumped into back seat drove off.,GPT-Neo
two men standing outside wearing jackets,and holding umbrellas. I'm sure there's a story here.,OPT
two men standing outside wearing jackets,Two men standing outside wearing jackets.,Flan-T5
two men dressed jackets,followed.,BERT
two men dressed jackets,"and hats hats, in a fashion that was not quite as black white they were, the men dressed were only ones wearing same clothes. The woman who present present.",DistilGPT-2
two men dressed jackets,"and pants, carried a heavy-looking pistol rifle. ""We're looking for man named Bosco,"" one of the men said. ""We know who he is,"" said another men. ""I can",GPT-Neo
two men dressed jackets,and ties. -_- That's pretty much every male I've ever known who has dressed up.,OPT
two men dressed jackets,two men wearing jackets,Flan-T5
four children are standing to pose for a photo,shoot.,BERT
four children are standing to pose for a photo,on a bicycle.,DistilGPT-2
four children are standing to pose for a photo,". The children have been selected by the children’s charity, Children’s Institute. “The who were will be given opportunity to visit Institute and see how programme is run,",GPT-Neo
four children are standing to pose for a photo,. The four children are posing to pose for a photo. Two of the standing two,OPT
four children are standing to pose for a photo,Three of the children are a little girl.,Flan-T5
a surfer looks behind him to see the next wave,coming.,BERT
a surfer looks behind him to see the next wave,of waves in the ocean.,DistilGPT-2
a surfer looks behind him to see the next wave,"of boulders flowing into the river. Then he takes a deep breath and lets it out. ""You guys know what to do,"" says. ""Yeah, we know,"" says",GPT-Neo
a surfer looks behind him to see the next wave,"coming. A surfer looks behind him to see the next wave Posted on: February 1st, 2018",OPT
a surfer looks behind him to see the next wave,a man surfs wave,Flan-T5
a group of four kids,followed.,BERT
a group of four kids,", who were killed in a shootout the village of Tainte,",DistilGPT-2
a group of four kids,"in their early 20s, and the only one that I knew was gay. So not surprised to see this group of kids who were all being bullied. The girls boys bullied same age, they",GPT-Neo
a group of four kids,"who go to a popular (but not as they should be) private school. our lives Wednesday, November 12, 2008 The end of the world I was going be in Hawaii this weekend for wedding, but",OPT
a group of four kids,is playing tag.,Flan-T5
four dirty and barefooted children,entered.,BERT
four dirty and barefooted children,",” he said.",DistilGPT-2
four dirty and barefooted children,", the one who had been bitten by a dog, and two taken into village, were in house with housewife, neighbor. The",GPT-Neo
four dirty and barefooted children,were playing in the snow when a coyote accidentally came upon them. Coyotes are pretty smart. They probably knew they going to die.,OPT
four dirty and barefooted children,Two men in black slacks and a white t-shirt walked along the grass,Flan-T5
a man is surfing in a bodysuit,suit.,BERT
a man is surfing in a bodysuit,". He's wearing a bikini, and he's bra.",DistilGPT-2
a man is surfing in a bodysuit,"while another man is wearing a condom. He says, “I don’t know if you’re aware of this, but that’s how it works.” “It’s big deal,",GPT-Neo
a man is surfing in a bodysuit,"with a surfboard on it. He gets up to go in the water. ""Hey, you better give me my board back."" ""I'll back if """,OPT
a man is surfing in a bodysuit,A man is surfing in a bodysuit.,Flan-T5
